{
  "hash": "ecabcaa4",
  "configHash": "39b39264",
  "lockfileHash": "17ccb4fa",
  "browserHash": "84973a21",
  "optimized": {
    "@angular/common": {
      "src": "../../../../../node_modules/@angular/common/fesm2022/common.mjs",
      "file": "@angular_common.js",
      "fileHash": "258f94f5",
      "needsInterop": false
    },
    "@angular/common/http": {
      "src": "../../../../../node_modules/@angular/common/fesm2022/http.mjs",
      "file": "@angular_common_http.js",
      "fileHash": "6805d764",
      "needsInterop": false
    },
    "@angular/core": {
      "src": "../../../../../node_modules/@angular/core/fesm2022/core.mjs",
      "file": "@angular_core.js",
      "fileHash": "e431fb67",
      "needsInterop": false
    },
    "@angular/forms": {
      "src": "../../../../../node_modules/@angular/forms/fesm2022/forms.mjs",
      "file": "@angular_forms.js",
      "fileHash": "b94ce180",
      "needsInterop": false
    },
    "@angular/platform-browser": {
      "src": "../../../../../node_modules/@angular/platform-browser/fesm2022/platform-browser.mjs",
      "file": "@angular_platform-browser.js",
      "fileHash": "190a588c",
      "needsInterop": false
    },
    "@angular/router": {
      "src": "../../../../../node_modules/@angular/router/fesm2022/router.mjs",
      "file": "@angular_router.js",
      "fileHash": "2592b3e6",
      "needsInterop": false
    },
    "export-from-json": {
      "src": "../../../../../node_modules/export-from-json/dist/esm/index.js",
      "file": "export-from-json.js",
      "fileHash": "8c31ae1b",
      "needsInterop": false
    },
    "jspdf": {
      "src": "../../../../../node_modules/jspdf/dist/jspdf.es.min.js",
      "file": "jspdf.js",
      "fileHash": "8bab5f7d",
      "needsInterop": false
    },
    "ngx-bootstrap/modal": {
      "src": "../../../../../node_modules/ngx-bootstrap/modal/fesm2022/ngx-bootstrap-modal.mjs",
      "file": "ngx-bootstrap_modal.js",
      "fileHash": "3f83bb75",
      "needsInterop": false
    },
    "ngx-socket-io": {
      "src": "../../../../../node_modules/ngx-socket-io/fesm2015/ngx-socket-io.js",
      "file": "ngx-socket-io.js",
      "fileHash": "53190d51",
      "needsInterop": false
    },
    "recordrtc": {
      "src": "../../../../../node_modules/recordrtc/RecordRTC.js",
      "file": "recordrtc.js",
      "fileHash": "f4241fa5",
      "needsInterop": true
    },
    "rxjs": {
      "src": "../../../../../node_modules/rxjs/dist/esm5/index.js",
      "file": "rxjs.js",
      "fileHash": "14ec1126",
      "needsInterop": false
    }
  },
  "chunks": {
    "html2canvas.esm-GMH5KANI": {
      "file": "html2canvas__esm-GMH5KANI.js"
    },
    "purify.es-MZFBJTE3": {
      "file": "purify__es-MZFBJTE3.js"
    },
    "index.es-GXVMJFGU": {
      "file": "index__es-GXVMJFGU.js"
    },
    "chunk-JPENBHVR": {
      "file": "chunk-JPENBHVR.js"
    },
    "chunk-JEBXW7X7": {
      "file": "chunk-JEBXW7X7.js"
    },
    "chunk-SSFAUKAS": {
      "file": "chunk-SSFAUKAS.js"
    },
    "chunk-PBORFWXB": {
      "file": "chunk-PBORFWXB.js"
    },
    "chunk-BXTA2JOV": {
      "file": "chunk-BXTA2JOV.js"
    },
    "chunk-A4FY72PS": {
      "file": "chunk-A4FY72PS.js"
    },
    "chunk-CPNXOV62": {
      "file": "chunk-CPNXOV62.js"
    }
  }
}